{"ego": {"mean": [0.4103933572769165, 0.4207911193370819, 0.3394891321659088, 0.3296460211277008, 0.040078192949295044, 0.4228743016719818, 0.0, 0.24467584490776062, 0.24785581231117249, 0.12811657786369324, 0.142061248421669, 0.08437266945838928, 0.06257867068052292, 0.0, 0.06351230293512344, 0.15713773667812347, 0.29553690552711487, 0.7851579189300537, 0.8226729035377502, 0.9373522400856018, 0.9704712629318237, 0.023524459451436996, 0.034886788576841354, 0.195188507437706, 0.10167624056339264], "var": [0.011294635944068432, 0.010276000946760178, 0.2338026911020279, 0.22075097262859344, 0.04592644423246384, 0.08364826440811157, 0.0, 0.184784933924675, 0.18639567494392395, 0.1116873249411583, 0.12186332792043686, 0.07724364101886749, 0.05865296348929405, 0.0, 0.059469737112522125, 0.04606180265545845, 0.08087386935949326, 0.08270122110843658, 0.05605442449450493, 0.027396392077207565, 0.013891523703932762, 0.00036692089634016156, 0.0013825100613757968, 0.11374411731958389, 0.01150375884026289], "count": 118595794.0}, "value": {"mean": NaN, "var": NaN, "count": 118595794.0}}