{"ego": {"mean": [0.41267848014831543, 0.4216419458389282, 0.3209344744682312, 0.34171929955482483, 0.037539172917604446, 0.32389479875564575, 0.0, 0.3802791237831116, 0.34253501892089844, 0.07535123825073242, 0.061109431087970734, 0.022546369582414627, 0.03662434592843056, 0.0, 0.07202957570552826, 0.055434346199035645, 0.44472113251686096, 0.8446083664894104, 0.8446758985519409, 0.8962092399597168, 0.9660376310348511, 0.059766631573438644, 0.021039912477135658, 0.03837888687849045, 0.09647557884454727], "var": [0.008420398458838463, 0.008237195201218128, 0.27470633387565613, 0.22955390810966492, 0.04581516981124878, 0.0763557106256485, 0.0, 0.23566576838493347, 0.22520451247692108, 0.06967314332723618, 0.0573749914765358, 0.022037936374545097, 0.035282962024211884, 0.0, 0.06684082001447678, 0.01960754580795765, 0.08562327921390533, 0.07853630185127258, 0.08402586728334427, 0.052208684384822845, 0.010750078596174717, 0.0020558442920446396, 0.0027306959964334965, 0.01523547526448965, 0.012393880635499954], "skip_indices": [6, 7, 9]}, "entity": {"mean": [0.0, 0.0, 0.0, 0.0, 0.0, 0.0, 0.0, 0.0, 0.0, 0.0], "var": [1.0, 1.0, 1.0, 1.0, 1.0, 1.0, 1.0, 1.0, 1.0, 1.0], "skip_indices": [6, 7, 9]}, "value": {"mean": 0.5474388420364703, "var": 3.9561253074395393, "count": 56978116.0}}