{"ego":{"mean":[0.41586124897003174,0.4161268472671509,0.3332309424877167,0.3322306275367737,0.045114170759916306,0.4179565906524658,0.0,0.25181856751441956,0.2438368946313858,0.128983736038208,0.1456364095211029,0.07834943383932114,0.05808462202548981,0.0,0.06377990543842316,0.1526477187871933,0.31562721729278564,0.8254894614219666,0.853225588798523,0.9380847811698914,0.9812772870063782,0.04105763137340546,0.040571704506874084,0.14713528752326965,0.110575370490551],"skip_indices":[],"var":[0.00861040223389864,0.008669322356581688,0.2274031937122345,0.2266877144575119,0.04504181444644928,0.08276958018541336,0.0,0.18840599060058594,0.184380441904068,0.11234692484140396,0.12442642450332642,0.07221078872680664,0.05471079424023628,0.0,0.059712041169404984,0.044648971408605576,0.08038681000471115,0.06769952178001404,0.047031987458467484,0.02712409943342209,0.009010793641209602,0.0010619604727253318,0.0014960006810724735,0.07874681800603867,0.011903070844709873]},"entity":{"mean":[0.0,0.0,0.0,0.0,0.0,0.0,0.0,0.0,0.0,0.0],"skip_indices":[6,7,9],"var":[1.0,1.0,1.0,1.0,1.0,1.0,1.0,1.0,1.0,1.0]}}