{"ego": {"mean": [0.41207021474838257, 0.4220314025878906, 0.3496103584766388, 0.337161660194397, 0.043567415326833725, 0.41266804933547974, 0.0, 0.2654452919960022, 0.24049930274486542, 0.12040858715772629, 0.14093554019927979, 0.0830761268734932, 0.05936029180884361, 0.0, 0.06361985206604004, 0.1586906462907791, 0.30419328808784485, 0.8055890202522278, 0.838107168674469, 0.9400554299354553, 0.9664244651794434, 0.023058917373418808, 0.037420667707920074, 0.17795473337173462, 0.10131493210792542], "var": [0.011339113116264343, 0.010285107418894768, 0.23180940747261047, 0.22080866992473602, 0.04451746121048927, 0.08415401726961136, 0.0, 0.19496752321720123, 0.18262742459774017, 0.1058950126171112, 0.12104450166225433, 0.07615717500448227, 0.055823251605033875, 0.0, 0.05955840274691582, 0.04736051335930824, 0.08099230378866196, 0.0772995725274086, 0.05308295786380768, 0.026374703273177147, 0.01565970852971077, 0.0003419700951781124, 0.001503856503404677, 0.10144919157028198, 0.011252833530306816], "count": 180736782.0}, "value": {"mean": NaN, "var": NaN, "count": 180736782.0}}