{"ego":{"mean":[0.4227152168750763,0.42243459820747375,0.37233206629753113,0.3700575828552246,0.05842701718211174,0.38852566480636597,0.0,0.2891542315483093,0.2478695809841156,0.10567083209753036,0.1431259959936142,0.0820111557841301,0.04832806438207626,0.0,0.05408824607729912,0.1624976247549057,0.3282542824745178,0.8553153872489929,0.8775801062583923,0.9451863765716553,0.9743711352348328,0.038709837943315506,0.043620336800813675,0.12160781025886536,0.11110430210828781],"skip_indices":[],"var":[0.009302261285483837,0.009309878572821617,0.21359488368034363,0.21469123661518097,0.039281394332647324,0.08031003177165985,0.0,0.20554405450820923,0.18643027544021606,0.09450450539588928,0.12264097481966019,0.07528533041477203,0.04599246010184288,0.0,0.0511627160012722,0.04959516599774361,0.08000978827476501,0.05707728862762451,0.04011208191514015,0.024402258917689323,0.012157611548900604,0.000867457885760814,0.0016177400248125196,0.05833476781845093,0.011670082807540894]},"entity":{"mean":[0.0,0.0,0.0,0.0,0.0,0.0,0.0,0.0,0.0,0.0],"skip_indices":[6,7,9],"var":[1.0,1.0,1.0,1.0,1.0,1.0,1.0,1.0,1.0,1.0]}}